<?xml version="1.0" encoding="UTF-8"?>
<metadata xml:lang="fr"><Esri><CreaDate>20200428</CreaDate><CreaTime>15155700</CreaTime><ArcGISFormat>1.0</ArcGISFormat><SyncOnce>TRUE</SyncOnce><DataProperties><lineage><Process ToolSource="c:\program files\arcgis\pro\Resources\ArcToolbox\toolboxes\3D Analyst Tools.tbx\Layer3DToFeatureClass" Date="20200428" Time="151557">Layer3DToFeatureClass BB_ExtractRoofForm_roofform D:\DATA\Flandre\3D\B3D.shp OBJECTID DISABLE_COLORS_AND_TEXTURES</Process></lineage><LayerFile>{"type":"CIMLayerDocument","version":"2.5.0","build":22081,"layers":["CIMPATH=local_government_scene/b3d.xml"],"layerDefinitions":[{"type":"CIMFeatureLayer","name":"B3D","uRI":"CIMPATH=local_government_scene/b3d.xml","sourceModifiedTime":{"type":"TimeInstant"},"useSourceMetadata":true,"description":"B3D","layerElevation":{"type":"CIMLayerElevationSurface"},"expanded":true,"layer3DProperties":{"type":"CIM3DLayerProperties","castShadows":true,"isLayerLit":true,"layerFaceCulling":"FromGeometry","maxDistance":-1,"minDistance":-1,"preloadTextureCutoffHigh":0,"preloadTextureCutoffLow":0.25,"textureCutoffHigh":0.25,"textureCutoffLow":1,"useCompressedTextures":true,"verticalExaggeration":1,"verticalUnit":{"uwkid":9001},"lighting":"OneSideDataNormal"},"layerType":"Operational","showLegends":true,"visibility":true,"displayCacheType":"Permanent","maxDisplayCacheAge":5,"showPopups":true,"serviceLayerID":-1,"refreshRate":-1,"refreshRateUnit":"esriTimeUnitsSeconds","autoGenerateFeatureTemplates":true,"featureElevationExpression":"Shape.Z","featureTable":{"type":"CIMFeatureTable","displayField":"Id","editable":true,"dataConnection":{"type":"CIMStandardDataConnection","workspaceConnectionString":"DATABASE=D:\\DATA\\Flandre\\3D","workspaceFactory":"Shapefile","dataset":"B3D","datasetType":"esriDTFeatureClass"},"studyAreaSpatialRel":"esriSpatialRelUndefined","searchOrder":"esriSearchOrderSpatial"},"htmlPopupEnabled":true,"selectable":true,"featureCacheType":"Session","renderer":{"type":"CIMSimpleRenderer","patch":"Default","symbol":{"type":"CIMSymbolReference","symbol":{"type":"CIMMeshSymbol","symbolLayers":[{"type":"CIMMaterialSymbolLayer","enable":true,"color":{"type":"CIMRGBColor","values":[255,255,255,100]},"materialMode":"Multiply"}]}}},"scaleSymbols":true,"snappable":true}]}</LayerFile></DataProperties></Esri></metadata>
